{
  "reworld-BaberTest-01": [
    [
      1.9847328662872314,
      0.0,
      7.9084014892578125
    ],
    [
      0.0,
      2.032520294189453,
      125.75609588623047
    ],
    [
      0.0,
      0.0,
      1.0
    ]
  ],
  "reworld-cam-01": [
    [
      1.9847328662872314,
      0.0,
      19.908401489257812
    ],
    [
      0.0,
      2.032520294189453,
      21.7560977935791
    ],
    [
      0.0,
      0.0,
      1.0
    ]
  ],
  "reworld-haverhill-achute": [
    [
      1.9847328662872314,
      0.0,
      71.90840148925781
    ],
    [
      0.0,
      2.032520294189453,
      -50.24390411376953
    ],
    [
      0.0,
      0.0,
      1.0
    ]
  ],
  "reworld-haverhill-chuteb": [
    [
      1.9847328662872314,
      0.0,
      11.908401489257812
    ],
    [
      0.0,
      2.032520294189453,
      17.7560977935791
    ],
    [
      0.0,
      0.0,
      1.0
    ]
  ],
  "reworld-haverhill-tipping1": [
    [
      1.9847328662872314,
      0.0,
      231.9084014892578
    ],
    [
      0.0,
      2.032520294189453,
      -82.24390411376953
    ],
    [
      0.0,
      0.0,
      1.0
    ]
  ],
  "reworld-haverhill-tipping2": [
    [
      1.9847328662872314,
      0.0,
      43.90840148925781
    ],
    [
      0.0,
      2.032520294189453,
      -78.24390411376953
    ],
    [
      0.0,
      0.0,
      1.0
    ]
  ],
  "reworld-haverhill-tipping3": [
    [
      1.9847328662872314,
      0.0,
      103.90840148925781
    ],
    [
      0.0,
      2.032520294189453,
      -130.243896484375
    ],
    [
      0.0,
      0.0,
      1.0
    ]
  ],
  "reworld-haverhill-tipping4": [
    [
      1.9847328662872314,
      0.0,
      239.9084014892578
    ],
    [
      0.0,
      2.032520294189453,
      -138.243896484375
    ],
    [
      0.0,
      0.0,
      1.0
    ]
  ],
  "reworld-west-pit": [
    [
      1.9847328662872314,
      0.0,
      211.9084014892578
    ],
    [
      0.0,
      2.032520294189453,
      -134.243896484375
    ],
    [
      0.0,
      0.0,
      1.0
    ]
  ]
}